#;name;city;email;phone;site;#
3356;ЛипецкТоргРеклама, производственная компания;Липецк;torgreklama@mail.ru;(4742) 33-14-29;;3356
3357;Октагон, рекламное агентство;Пятигорск;total@oktagon.su;8-800-200-94-84 (единая справочная);октагон.рф, facebook.com/pages/октагон-ра/1416012448648046, vk.com/public68715050;3357
3358;Арбуз, рекламное агентство;Красноярск;totds@mail.ru;(391) 214-21-80;;3358
3359;ПЛУТОС, рекламное агентство полного цикла;Воронеж;tps.vks@gmail.com;(473) 273-08-57, 8-920-442-22-26;www.plutos-vrn.ru;3359
3360;Новая волна, рекламное агентство;Нижний Новгород;treklama@list.ru;8-908-155-92-41;;3360
3361;Треугольник О, ООО, рекламное агентство;Омск;treugolniko@mail.ru;(3812) 54-60-58;vk.com/club21622156;3361
3362;Три слона, рекламно-издательский центр;Дзержинск;tri_slona@sinn.ru;(8313) 23-30-30, (8313) 230-230;www.3-slona.ru;3362
3363;Ритейл Сервис Групп, рекламное агентство полного цикла;Новосибирск;triema-retail@mail.ru;(383) 363-87-18, (383) 363-87-19;;3363
3364;Трио ДВ, рекламная компания;Владивосток;triodv-vl@mail.ru;(423) 271-31-96, (423) 294-28-11, 8-924-136-91-07;;3364
3365;Три Кита, рекламно-полиграфическая фирма;Тула;trionics@rambler.ru;(4872) 30-70-30, 8-920-275-44-25;3kita-tula.ru;3365
3366;Трио, рекламное агентство полного цикла;Пенза;triopenza@yandex.ru;(8412) 73-83-72, (8412) 74-11-59;triopenza.ru;3366
3367;Три-R, рекламное агентство;Чебоксары;tri-r@bk.ru;(8352) 28-61-00, (8352) 46-50-10, (8352) 46-10-10;www.tri-r21.ru;3367
3368;Тройка концепт, ООО, рекламное агентство;Уфа;troikaconcept@yahoo.com;(347) 216-45-17;ufa1tv.ru;3368
3369;Мастерская ростовых кукол, ООО;Новосибирск;tsarsfun@ya.ru;8-913-735-81-01;www.kukla.ds54.ru;3369
3370;ТСК, ООО, лаборатория развития;Новосибирск;ts-consulting@bk.ru;(383) 292-28-74;www.ts-consulting.ru;3370
3371;Центр Рекламных Услуг, ООО, рекламное агентство;Улан-Удэ;tsru2012@mail.ru;(3012) 69-67-85, (3012) 21-20-34;;3371
3372;ТЕЛЕСТУДИЯ, ООО, рекламное агентство;Новосибирск;tstudia@ngs.ru;(383) 3638540 (многоканальный), 8-960-798-01-50;;3372
3373;Focus Group Сибирь, агентство маркетинговых и PR-коммуникаций;Кемерово;tsvetkova-82@mail.ru;8-800-500-17-88 (бесплатная единая справочная);www.f-group.info;3373
3374;Турист, рекламная компания;Омск;turist_pr@mail.ru;(3812) 37-64-37, (3812) 37-67-37;www.raturist.ru;3374
3375;Промо Группа Новосибирск, рекламное агентство;Новосибирск;turlo.a@dmscompany.ru;8-800-250-96-60 (единая справочная);promogruppa.ru, vk.com/promo_gruppa;3375
3376;Город плюс TV, рекламное агентство полного цикла;Щёкино;tv.gorod.tv@yandex.ru;8-950-905-14-46, 8-910-161-30-88;gorod-plus-tv.ru;3376
3377;Гудвилл, ООО, центр маркетинговых исследований и коммуникаций;Тверь;tver-marketing@yandex.ru;(4822) 34-67-18, (4822) 577-135;www.tver.marketcenter.ru;3377
3378;Твой пиар, рекламное агентство полного цикла;Липецк;tvoipiar@yandex.ru;(4742) 554009, (4742) 900-296;www.tvoipiar.ru;3378
3379;Плазма, ООО, рекламное агентство;Владимир;tvplazma@yandex.ru;(4922) 47-09-14, (4922) 47-07-03;;3379
3380;Открытие, рекламно-информационное агентство;Казань;tv-variant@yandex.ru;(843) 290-00-67, (843) 226-69-92;;3380
3381;Marketing Line, рекламно-праздничное агентство;Липецк;ubeshkinskaya@mail.ru;(4742) 24-10-01, 8-960-141-55-51;marketing-line.ru;3381
3382;Курьер, рекламная группа;Курган;udinceva@zauralmedia.ru;(3522) 600-000 (многоканальный);;3382
3383;A1 Agency, ООО Агентство Маркетинговых Коммуникаций;Уфа;ufa@one-btl.ru;(347) 266-46-80;www.on-promo.ru, facebook.com/aonepublicity, instagram.com/a1_agency, twitter.com/@aonepublicity, vk.com/btlagencyaonepublicity;3383
3384;Юг Медиа, рекламное агентство;Анапа;ugmedia@mail.ru;8-988-668-47-77;ugmedia-rs.ru;3384
3385;Юг-Медиа, многопрофильная компания;Ставрополь;ug-media@mail.ru;8-962-440-35-35;www.ставрекламист.рф;3385
3386;Слон, рекламно-производственная компания;Минеральные Воды;ul-slon@yandex.ru;8-928-631-58-36 (единая справочная - пн-пт 9:00-19:00);www.ul-slon.ru;3386
3387;Ультра, рекламное агентство;Пермь;ultra-centr@yandex.ru;(342) 219-79-61, (342) 210-55-50;ultra-centr.ru;3387
3388;Брендинговое агентство Ули и Макса Штурман;Нижний Тагил;um@u-m.su;(3435) 49-93-64, 8-922-218-87-05;www.u-m.su;3388
3389;Умная буква, компания;Красноярск;umnayabukva@gmail.ru;8-902-941-58-58;umnayabukva.ru, facebook.com/umnayabukva, twitter.com/@umnayabukva, vk.com/umnayabukva;3389
3390;Union-om, рекламно-праздничное агентство;Омск;union-om@union-om.ru;(3812) 38-85-90;www.union-om.ru;3390
3391;Юнис, агентство;Южно-Сахалинск;unisoutdoor@mail.ru;(4242) 72-96-88, (4242) 72-96-87;;3391
3392;Юнител-НК, рекламная компания;Новокузнецк;unitel-nk@mail.ru (клиентский отдел);8-952-168-57-65 (Наталья (менеджер)), 8-908-946-08-49 (Анна (менеджер)), (3843) 46-58-92 (отдел по работе с клиентами), 8-908-955-20-10 (Анна (менеджер));www.unitel-nk.ru;3392
3393;Вся Вселенная, ООО, рекламное агентство полного цикла;Уфа;univ@ufanet.ru;(347) 235-35-35, 8-905-002-20-20, (347) 235-68-96;www.univ-vv.ru;3393
3394;2K media, рекламное агентство;Кемерово;unsovichk@gmail.com;(3842) 37-11-07, 8-923-503-74-75;www.2kmedia.ru;3394
3395;Art-отдел, рекламное агентство;Ижевск;uproekt@gmail.com;(3412) 24-51-50, (3412) 56-47-25;www.izhpromo.ru;3395
3396;Ураган, ООО, агентство брэндов;Новокузнецк;uragan-nk@mail.ru;(3843) 200-129, (3843) 200-127, 8-923-539-44-44;;3396
3397;Кактус, универсальное рекламное агентство;Кострома;urakaktus@mail.ru;(4942) 41-92-18;www.urakaktus.ru;3397
3398;Урал-Арт, рекламное агентство;Челябинск;ural-art@mail.ru;(351) 777-00-63, (351) 247-58-42;www.ural-art.ru;3398
3399;Урал-дизайн, рекламное агентство;Челябинск;ural-design@list.ru;(351) 223-40-82;www.ural-design74.ru;3399
3400;Альтернативная идея, рекламное агентство, ООО Урал-Прим;Челябинск;ural-prim@mail.ru;(351) 247-31-85, (351) 233-03-98;www.ural-prim.com;3400
3401;Национальная полиграфическая группа, ООО;Калуга;urist@kaluga.ru;(4842) 700-337;www.lawinfo.ru;3401
3402;М в кубе, рекламное агентство;Братск;usluga38@gmail.com;(3953) 29-96-89, (3953) 26-34-03;;3402
3403;Направление успеха, рекламное агентство;Миасс;uspeh@miass.ru;(3513) 55-66-99;направлениеуспеха.рф;3403
3404;Успех+, рекламное агентство;Набережные Челны;uspehchelny@mail.ru;(8552) 36-50-14 (круглосуточный), 8-950-318-75-66;www.uspehchelny.ru;3404
3405;Akula, рекламное агентство;Улан-Удэ;uuakula@gmail.com;(3012) 39-39-39, (3012) 67-22-22, (3012) 57-22-22;vk.com/uuakula;3405
3406;ЛАЙСА, ЗАО, железнодорожное рекламное агентство;Новосибирск;v.vatutin@laysa.ru;(383) 248-90-05, (383) 248-90-06;laysa.ru;3406
3407;АВИ Групп, ООО, рекламно-полиграфическая компания;Екатеринбург;va@aveegroup.ru;(343) 201-50-72, (343) 200-41-10;www.aveegroup.ru;3407
3408;VAIRA, рекламно-производственная фирма;Калининград;vaira39@mail.ru;8-950-677-70-00;;3408
3409;НЕКО-Самара, ООО, креативное агентство;Самара;valentina@tatneko.ru;(846) 231-46-81;neko-region.ru, facebook.com/tatneko, twitter.com/@tatneko, vk.com/samneko;3409
3410;Семь плюс, рекламное агентство;Ростов-на-Дону;valeriiv@yandex.ru;(863) 246-15-82;;3410
3411;ГУТА-РЕКЛАМА, рекламное агентсво полного цикла;Липецк;valeriyguta@mail.ru;89042933289;;3411
3412;Holiday Creative Group, многопрофильная креативная группа, ООО ХОЛИДЕЙ;Новосибирск;valerjan@mail.ru;8-913-487-77-48 (единая справочная);vk.com/club24458194, www.respect-auto.fo.ru;3412
3413;ВАЛТРОН, ООО, рекламно-полиграфическое агентство;Барнаул;valtron7g@mail.ru;(3852) 60-14-67, (3852) 62-90-19;;3413
3414;АртПодкова, рекламное агентство;Нижний Новгород;valya.kazachencko@yandex.ru;8-929-049-27-21;;3414
3415;Валиде, ООО, рекламное агентство полного цикла;Магнитогорск;vanlima@yandex.ru;(3519) 05-42-24;;3415
3416;Вариант Бис, PR-агентство;Новосибирск;variant-bis@ngs.ru;(383) 2238221, 8-913-918-77-48;;3416
3417;Art-Центр, рекламное агентство;Златоуст;v-arts@mail.ru;8-919-333-15-88, 8-919-333-15-55;;3417
3418;Ваш Домъ, рекламное агентство;Калуга;vashdom@kaluga.ru;(4842) 57-30-42, (4842) 57-30-43;www.vdkaluga.ru;3418
3419;Ваши преимущества, рекламное агентство;Новосибирск;vashi-preim@mail.ru;(383) 213-08-10, (383) 363-65-20, 8-913-985-08-10;www.vashi-preim.ru;3419
3420;3В-солютионс.ру, агентство интегрированных маркетинговых решений;Санкт-Петербург;vbelova@3v-solutions.ru;(812) 314-92-53;www.3v-solutions.ru;3420
3421;Все будет хорошо!, рекламное агентство;Сургут;vbx5@mail.ru;(3462) 37-03-72;;3421
3422;Прогресс, центр рекламы;Волжский;vdreklama@mail.ru;(8443) 27-30-12, (8443) 39-59-50, 8-961-085-38-38;vdreklama.ru;3422
3423;Vegas, рекламно-производственная фирма;Чита;vegasdesing@mail.ru;(3022) 32-23-95;vegas-art.ru;3423
3424;Vellium, ООО, рекламное агентство;Сургут;vellium@mail.ru;(3462) 206-901, (3462) 712-715, (3462) 70-48-00;www.vellium.ru;3424
3425;Вепоз, рекламное агентство;Ростов-на-Дону;vepozs@aaanet.ru;(863) 291-00-80;www.vepoz-ra.ru;3425
3426;К.Проект, рекламное агентство;Воронеж;vera-kproekt@yandex.ru;(473) 251-22-73, (473) 235-60-19, (473) 239-04-36;www.kproekt.ru;3426
3427;Вертикаль, производственная компания;Курск;vertical46@mail.ru;(4712) 56-25-55, (4712) 56-25-47;vertical46.ru;3427
3428;Вертикаль, рекламно-полиграфическое агентство;Барнаул;vertikal22@mail.ru;(3852) 60-71-50;www.вертикаль22.рф;3428
3429;Вести, рекламное агентство полного цикла;Уфа;vest98@mail.ru;(347) 292-64-31, (347) 292-64-08;www.vesti-ufa.ru;3429
3430;VETRANA, рекламное агентство полного цикла;Иваново;vetranatech@mail.ru;8-920-360-14-72, 8-910-985-44-68;vetranatech.ru;3430
3431;Везде ход, рекламное агентство;Пермь;vezdexod-bux@crt.perm.ru;(342) 233-42-62 (многоканальный);;3431
3432;Везёт, рекламная служба;Северодвинск;vezet.reklama29@gmail.com;8-902-197-09-07, 8-911-676-29-29, 8-905-873-49-24;;3432
3433;ВиДжи, рекламное агентство;Омск;vg-agency@mail.ru;(3812) 48-49-94;;3433
3434;Все грани, рекламное агентство;Ростов-на-Дону;vgirina@mail.ru;(863) 236-45-88;www.vsegrani.com;3434
3435;ВИА-про, ООО, рекламное агентство;Новосибирск;via@viavai.su;(383) 319-58-10;www.viavai.ru;3435
3436;Виал, рекламное агентство;Улан-Удэ;vial-reklama@mail.ru;(3012) 23-00-31;vk.com/vial232355;3436
3437;ВИ АС Медиа, рекламное агентство полного цикла;Иркутск;vias@viasmedia.ru;(3952) 28-11-28;www.viasmedia.ru;3437
3438;CityGroup Media, рекламно-издательская компания;Чебоксары;vibirai21@mail.ru;(8352) 66-19-99, (8352) 22-03-07;;3438
3439;Аванте, ООО, рекламное агентство;Владивосток;victory@avante.ru;8-914-067-87-00;;3439
3440;Video Prodakshn, рекламное агентство;Новосибирск;video_prodakshn@bk.ru;(383) 319-55-85;www.video-prodakshn.ru;3440
3441;ВИД, рекламное агентство;Астрахань;vid-reklama@yandex.ru;(8512) 705-733, (8512) 48-03-63, (8512) 744-479;vk.com/id247400711, www.vid-reklama.ru;3441
3442;Vidtlt, рекламное агентство;Тольятти;vid-tlt@yandex.ru;(8482) 78-45-95;;3442
3443;Вифлеемская звезда, рекламное агентство;Мытищи;vifliem@mail.ru;8-905-565-47-73;reklamnoe-agentstvo-cs290141.tiu.ru;3443
3444;Vilena-Com, рекламное агентство;Магнитогорск;vilena-com@yandex.ru;(3519) 41-97-57, 8-909-747-17-17, 8-902-600-20-59;www.vilena-com.narod.ru;3444
3445;Винилка 40, многопрофильная компания;Калуга;vinilkaluga@mail.ru;8-953-337-12-21, 8-953-336-12-21, 8-953-338-12-21;vk.com/vinilka40ru;3445
3446;YKIS, рекламно-производственная компания;Находка;vipykis@yandex.ru;8-924-250-56-65;vipykis.ru;3446
3447;Вира, ООО, агентство праздников;Новосибирск;vira-sib@yandex.ru;8-913-913-08-00, (383) 213-53-67;www.vira-sib.ru;3447
3448;Виртуал, ООО, рекламно-производственный холдинг;Уфа;virtual@virtualufa.ru;(347) 246-32-36;www.virtualufa.ru;3448
3449;ВИРТУС-ИРКУТСК, ООО, рекламное агентство;Иркутск;virtus_1@mail.ru;8-964-730-85-08;;3449
3450;ВИЗАНТИЯ-1, ООО, рекламно-продюсерский центр;Новосибирск;visant1@mail.ru;(383) 292-74-52, (383) 222-59-61;www.vizantiya.su;3450
3451;Альфа-Графика, рекламно-производственная фирма;Новокузнецк;visualgraf@yandex.ru;(3843) 339-111;www.visualgrafika.ru;3451
3452;РеМейк, ООО, рекламное агентство;Краснодар;vitaliy@ra-remake.ru;(861) 240-85-15;www.ra-remake.ru;3452
3453;Витамин-А, рекламное агентство;Самара;vitamin-a2@yandex.ru;(846) 270-94-85, 8-927-201-32-63;;3453
3454;Viva ART, рекламное агентство;Тюмень;vivart72@gmail.com;(3452) 58-50-79, 8-932-482-67-71;www.vivaart72.ru, vk.com/vivaart72;3454
3455;Fusion, рекламное агентство;Ростов-на-Дону;vizitka_2010@mail.ru;(863) 246-41-03, (863) 253-36-56;;3455
3456;Визуальная пропаганда, рекламное агентство полного цикла;Тольятти;vizpro@mail.ru;(8482) 43-09-55, 8-902-373-09-55;визуальная-реклама-тольятти.рф;3456
3457;Контора, PR-агентство;Кемерово;vkontoru@gmail.com;(3842) 45-80-80;www.vkontoru.ru;3457
3458;Студия СВ, рекламное агентство;Пермь;vkperm@yandex.ru;(342) 259-19-48, (342) 217-93-71, (342) 217-93-73;www.stydio-sv.ru, vk.com/stydiosvvk;3458
3459;В КВАДРАТЕ, ООО;Тюмень;vkreclam@ya.ru;(3452) 92-82-21, 8-932-327-98-10;www.vkreclam.ru, vk.com/vkreclam;3459
3460;А МЕДИА, рекламное агентство;Архангельск;vladimir_27@list.ru;8-960-011-04-94;;3460
3461;Медиа ТВ, ООО, рекламное агентство;Владивосток;vladmediatv@gmail.ru;(423) 200-29-05;;3461
3462;ВладПартнер, рекламно-производственная компания;Владимир;vladpartner@yandex.ru;(4922) 37-07-10, 8-905-148-98-62;vladpartner.narod.ru;3462
3463;Владиаль, полиграфическая компания;Уфа;vlady_all@mail.ru;(347) 222-09-03, (347) 256-57-29, 8-901-813-73-33;www.vladyal.ru;3463
3464;Добрый фей, креативное агентство;Благовещенск;vlasov.rs@mail.ru;(4162) 215-003, 8-924-145-15-02 (круглосуточный);www.goodfei.com, vk.com/dbfei;3464
3465;Легион, рекламное агентство;Владивосток;vlprint@mail.ru;(423) 2-611-065, (423) 297-66-32, 8-904-627-66-32;;3465
3466;Винил Мастер, ООО, рекламное агентство;Тверь;vmaster-tver@mail.ru;(4822) 32-27-00, 8-920-150-00-85;www.vinil-master-tver.ru;3466
3467;Внимание, рекламное агентство;Казань;vnimanie@ra-vnimanie.ru;(843) 240-74-97;www.ra-vnimanie.ru;3467
3468;Водник-Подводник, агентство рекламы и праздника;Краснодар;vodnik-podvodnik@mail.ru;8-929-846-04-17, 8-961-587-46-59;vodnik-podvodnik.ru;3468
3469;Водомер-Медиа, ООО, рекламное агентство;Магнитогорск;vodomer@mail.ru;(3519) 45-03-32, (3519) 45-40-33;лифт-медиа.рф;3469
3470;Волжский дом рекламы, рекламное агентство полного цикла;Волжский;vodor@mail.ru;(8443) 55-43-16, (8443) 55-43-01, (8443) 41-26-02, 8-961-683-90-66;www.reklamatut.ru;3470
3471;Рекламная фирма, ИП Каляндра В.А.;Волгоград;volga@mayonnaise.ru;8-937-558-28-51;;3471
3472;Академия праздника, праздничное агентство;Иваново;volodeeva@bk.ru;(4932) 46-20-14, (4932) 46-20-46, 8-930-357-95-93;a-prazdniki.opt.ru, vk.com/club13411621;3472
3473;Восток, ООО, рекламное агентство;Хабаровск;vostok339032@mail.ru;8-914-423-32-03;www.vk27.ru;3473
3474;Восторг, агентство праздника и рекламы;Екатеринбург;vostorg-ural@mail.ru;(343) 361-49-70, 8-922-181-03-90, 8-922-181-49-70;www.vostorg-ural.ru, vk.com/vostorg_ural;3474
3475;Виргинские острова, агентство по проведению праздников и промоушн-акций;Липецк;v-ostrova@yandex.ru;(4742) 27-57-95;vk.com/virgin_ostrova;3475
3476;Вот здорово, агентство праздничных услуг;Кемерово;vot_zdorovo@mail.ru;8-904-965-78-49 (круглосуточный), (3842) 44-62-66, 8-962-734-62-66;vk.com/vot_zdorovo;3476
3477;Ваш праздник, event-агентство;Нижний Новгород;vpr.nnov@gmail.com;(831) 217-00-49;v-prazdnik.com;3477
3478;Бэст, издательский дом;Владимир;vpv-33@mail.ru;(4922) 53-03-75, (4922) 45-03-33;;3478
3479;Реклама, ООО, рекламное агентство;Екатеринбург;vreklamu@vreklamu.ru;(343) 221-41-80, (343) 344-87-03;www.vreklamu.ru;3479
3480;РК-Медиа;Омск;vrks@pochta.ru;8-953-399-45-40;;3480
3481;Всё Ясно, имиджевое агентство;Екатеринбург;vsempr@gmail.com;(343) 382-12-44;vse-yasno.ru, facebook.com/bcercho, twitter.com/@bcercho, vk.com/bcercho;3481
3482;VS-Group, рекламное агентство;Екатеринбург;vs-group@vs-group.ru;(343) 287-41-62, 8-922-205-29-97;www.vs-group.ru;3482
3483;Всем Миром, рекламное агентство;Белгород;vsminfo@mail.ru;(4722) 20-75-94;vsemirom31.ru;3483
3484;Выгода, рекламное агентство;Волгоград;v-sr@bk.ru;(8442) 93-27-86, 8-904-407-40-40, 8-903-377-51-59;vygodazdes.ru;3484
3485;Каталог бизнес-сувениров, рекламно-производственная компания;Екатеринбург;vstudio-ekb@mail.ru;8-902-878-43-52;;3485
3486;РА-Курс, ООО, рекламное агентство;Красноярск;vsya.reklama@bk.ru;(391) 205-46-45, (391) 294-15-54, (391) 293-46-78;www.ooo-rakurs.ru;3486
3487;Востокзапад, рекламное агентство;Улан-Удэ;vz3000@gmail.com;(3012) 48-80-04, (3012) 21-46-55;vzcreative.ru;3487
3488;Город, коммуникационная группа;Сургут;wearefriends@surgutcompany.ru;(3462) 91-12-12;surgutcompany.ru;3488
3489;СИ-МАЙНД, ООО, рекламное бюро;Санкт-Петербург;web@c-mind.com;(812) 240-48-87, (812) 240-48-88;www.c-mind.com, facebook.com/creativemindbureau, vk.com/club11065533;3489
3490;Тридцать шесть, ООО, рекламно-маркетинговое агентство;Владивосток;web@mcg36.ru;(423) 246-33-58, (423) 246-33-59;www.mcg36.ru;3490
3491;Weekend, праздничное агентство;Пенза;weekend-party@mail.ru;(8412) 707-787, (8412) 727-787;vk.com/weekend58, weekend58.ru;3491
3492;Свобода мысли, ООО Центр международного партнерства;Новосибирск;welcome.sm@mail.ru;8-913-926-86-96;;3492
3493;Ace Target, ООО, рекламное агентство;Москва;welcome@acetarget.ru;(495) 685-94-58 (многоканальный), (495) 685-94-59 (многоканальный);acetarget.ru, facebook.com/pages/ace-target/120698834667141, vk.com/club51177236;3493
3494;АЛЛЕЯ Медиа Групп, ООО, рекламная компания;Казань;welcome@alleya-reklama.ru;(843) 245-35-88;www.alleya-reklama.ru, vk.com/club58374373;3494
3495;BTL-Партнер, рекламное агентство;Москва;welcome@btlpartner.ru;(495) 971-77-42, (495) 971-81-78;btlpartner.ru, twitter.com/@btl_partner, vk.com/btl_partner;3495
3496;Power, рекламное агентство;Ярославль;welcome@btl-power.com;8-920-124-30-20;www.btl-power.com;3496
3497;ИЛЛАН, рекламная группа;Санкт-Петербург;welcome@illan.ru;(812) 327-50-91 (многоканальный);www.illan.ru;3497
3498;KULAKOV.PRO, агентство маркетинговых коммуникаций;Самара;welcome@kulakov-pro.ru;8-902-749-31-22;kulakov-pro.ru;3498
3499;Маньяко, рекламное агентство;Москва;welcome@maniaco.ru;(495) 374-56-82;www.maniaco.ru;3499
3500;Moderato, студия вкуса;Екатеринбург;welcome@moderato-sv.ru;(343) 278-76-74, 8-922-121-04-04;www.moderato-sv.ru, facebook.com/moderatosv, twitter.com/@moderato_sv;3500
3501;Benzin, рекламное агентство;Саратов;welcome@nenzin-pr.ru;(8452) 59-09-95, (8452) 59-10-95;benzin-pr.ru;3501
3502;Парадигма, ООО, коммуникационное агентство;Москва;welcome@paradigma.ru;(495) 783-43-45;www.paradigma.ru;3502
3503;PRIOR, рекламное агентство;Москва;welcome@prior.ru;(495) 785-07-90;www.prior.ru, facebook.com/prior.agency;3503
3504;Publicity, PR-компания;Москва;welcome@publicity.ru;(495) 775-15-50;www.publicity.ru;3504
3505;RAIN Group, группа рекламных агентств;Москва;welcome@rain-group.ru;(495) 785-07-90;rain-group.ru;3505
3506;Прома, служба содействия продажам;Москва;welcome@sspproma.ru;(495) 221-63-00;sspproma.ru, facebook.com/sspproma;3506
3507;ТриоМедиа, рекламное агентство полного цикла;Саратов;welcome@triomedia.ru;(8452) 77-31-54;triomedia.ru, facebook.com/pages/ооо-триомедиа/347720981934044, twitter.com/@triomedia64, vk.com/saratov_reklama;3507
3508;TimeToGo, рекламное агентство;Москва;welkom@ttg.ru;(495) 510-67-21;www.tt-g.ru;3508
3509;Ривайв, рекламная группа;Новосибирск;wellcome@revive.su;(383) 217-45-38;;3509
3510;Вэлвит, рекламное агентство;Москва;welvit-info@mail.ru;(495) 956-47-07;www.welvit.ru;3510
3511;Werden, мультидисциплинарное рекламное агентство;Пермь;werden@werden.pro;(342) 247-75-48;;3511
3512;Белая Ворона, рекламное агентство;Набережные Челны;whitecro@yandex.ru;(8552) 78-09-31, 8-903-319-57-77;;3512
3513;Краi!, рекламное агентство;Краснодар;white-house@mail.ru;(861) 9-445-944;www.kraicom.ru;3513
3514;Виформ, агентство по организации праздников и промоушн-акций;Рязань;wiform@mail.ru;8-930-872-22-26;vk.com/wiform;3514
3515;Арт-Дива, рекламное агентство;Челябинск;windows11@mail.ru;(351) 776-63-63;;3515
3516;Wings, агентство бизнес-решений;Тюмень;wings72@mail.ru;(3452) 731-900, (3452) 450-932;www.wings72.ru;3516
3517;World Brand, рекламно-полиграфическое агентство;Москва;worldbrand2013@yandex.ru;(495) 922-76-37, 8-925-046-23-06, (499) 272-16-44;w-dbrand.ru;3517
3518;ВОСЕМЬ, рекламное агентство;Москва;wosem@wosem.ru;(495) 585-14-18, (495) 917-85-05;;3518
3519;Futurist, рекламное агентство;Магнитогорск;wow-reklama.mgn@yandex.ru;(3519) 59-09-70, 8-906-898-87-07;;3519
3520;LEOBIS, консалтинговая компания;Екатеринбург;wsw12wsw@mail.ru;8-953-381-22-59, 8-909-023-90-88;www.leobis.ru, facebook.com/people/бизнес-консультации-леобис/100005842116344, twitter.com/@leobiswsw12wsw, vk.com/wsw12;3520
3521;Отражение успеха, ООО, рекламное агентство;Новокузнецк;w-uspeh@mail.ru;8-923-625-46-84;;3521
3522;Регион 66, агентство;Нижний Тагил;wwwregion66@yandex.ru;(3435) 92-60-95, 8-912-680-32-07;;3522
3523;Артель, рекламно-производственная компания;Улан-Удэ;x666899@yandex.ru;(3012) 623-153;www.03art.ru;3523
3524;Хамелеон, рекламно-производственная фирма;Армавир;xameleon-rpf@bk.ru;(86137) 2-36-82, 8-918-325-58-00, 8-928-239-31-59;xameleon-rpf.ru;3524
3525;Икс Эль Дизайн, рекламное агентство полного цикла;Новосибирск;xldesign@ngs.ru;(383) 363-02-38, 8-923-124-26-84;;3525
3526;Хохлома, агентство организации событий;Тюмень;xoxloma-ep@mail.ru;(3452) 91-50-18;www.xoxloma-ep.com, vk.com/club13372830;3526
3527;Свежая идея, рекламное агентство;Пенза;ya.freshidea@yandex.ru;(8412) 99-88-21, 8-909-317-79-37;;3527
3528;Детский праздник, агентство детского досуга;Пенза;yagoza_penza@mail.ru;8-902-205-07-10;;3528
3529;Промо Групп, рекламно-полиграфическая компания;Самара;yana.promo@mail.ru;8-927-709-23-29;;3529
3530;Рекламный цех, рекламное агентство;Ярославль;yarceh1@gmail.com;(4852) 26-00-08, (4852) 90-30-33;;3530
3531;Цвет, рекламное агентство;Якутск;yareklamko@gmail.com;8-9-142-744-447, 8-924-875-07-50, 8-924-171-07-10;rek1.ru;3531
3532;ЯРКО, агентство маркетинговых коммуникаций;Уфа;yarko.amk@mail.ru;(347) 216-41-66;;3532
3533;ЭРА Принт;Брянск;yeraprint@mail.ru;(4832) 72-16-66, 8-953-293-33-58, 8-920-848-53-08;;3533
3534;Если, рекламно-полиграфическая компания;Самара;yesli@inbox.ru;(846) 922-75-27;www.yesli.ru, vk.com/club10751662;3534
3535;Твоя реклама, рекламное агентство полного цикла;Ижевск;youreklama@bk.ru;(3412) 64-13-10, 8-912-463-72-88, 8-951-217-06-57;;3535
3536;Успешный бренд, рекламное агентство;Нижний Тагил;yspexbrend@yandex.ru;(3435) 92-09-02, 8-950-634-15-51, 8-932-119-90-70;www.yspexbrend.ru;3536
3537;Успех-ДВ, рекламно-производственное агентство;Хабаровск;yspex-dv@bk.ru;(4212) 65-00-25, (4212) 65-00-33, (4212) 77-33-04;;3537
3538;Поиск, рекламное агентство;Челябинск;yulianych@gmail.com;8-951-464-99-69;;3538
3539;Кредо, студия праздничных событий;Нижневартовск;yulla2606@yandex.ru;(3466) 57-42-11, 8-922-655-42-11;vk.com/club50654547;3539
3540;Вега, рекламно-производственная группа;Челябинск;yulya09@inbox.ru;(351) 218-75-77;www.vega-chel.ru;3540
3541;Радио Курган, рекламное агентство;Курган;yumisllc@gmail.com;(3522) 551-661, 8-912-835-16-61;rkurgan.ru;3541
3542;Забайкальское промоагентство, ИП Бочкарева Ю.А.;Чита;zabpromo@mail.ru;(3022) 557-557, 8-914-808-75-57, 8-914-474-44-64;;3542
3543;АБВ-ГРУПП, рекламно-производственная компания;Тюмень;zakaz.abv@mail.ru;(3452) 39-39-11;;3543
3544;Публика, Уральский завод рекламных конструкций;Екатеринбург;zakaz@2121291.ru;(343) 212-12-91;;3544
3545;Jagannath press, рекламное агентство;Москва;zakaz@5170418.ru;(495) 517-04-18;www.jagannath-press.ru;3545
3546;5 Звёзд, event-агентство;Москва;zakaz@5-zvezd.ru;(495) 545-49-95;5-zvezd.ru;3546
3547;Арт Имидж, рекламное агентство полного цикла;Сургут;zakaz@aimage.ru;(3462) 26-41-44;www.aimage.ru;3547
3548;Аспект, рекламно-производственная фирма;Самара;zakaz@aspect-ag.ru;8-937-074-35-77;aspect-ag.ru;3548
3549;Дисс, рекламная группа;Нижний Новгород;zakaz@diss-group.ru;8-904-908-80-70, (831) 463-62-79;diss-group.ru;3549
3550;Экспертус, центр современной рекламы;Москва;zakaz@expertus.ru;(495) 902-52-52;www.ekspertus.ru, facebook.com/ekspertus.reklama, vk.com/ekspertus.reklama;3550
3551;Гаммапринт, компания;Москва;zakaz@gammaprint.pro;(495) 9815464;gammaprint.pro;3551
3552;Тюменский Дом Креатива, коммуникационное агентство;Тюмень;zakaz@katdk.ru;(3452) 602-162, 8-961-201-50-31;www.katdk.ru;3552
3553;МКС, многопрофильная рекламно-сувенирная компания;Кемерово;zakaz@mks-kem.ru (для заказов);8-950-261-38-81, 8-904-967-87-09, 8-913-301-42-86, (3842) 76-04-71;mks-kem.ru;3553
3554;PIXESS, рекламное агентство;Москва;zakaz@pixess.ru;8-926-623-00-44;pixess.ru;3554
3555;Жираф, рекламное агентство;Улан-Удэ;zakaz@ra-giraf.ru;(3012) 21-26-55;www.ra-giraf.ru;3555
3556;Октябрь, рекламно-производственная компания;Белгород;zakaz@ra-october.ru;(4722) 37-56-50, 8-980-370-40-75;;3556
3557;PIART, рекламное агентство;Пятигорск;zakaz@ra-piart.ru;(8793) 39-33-69, 8-903-446-14-28;www.ra-piart.ru;3557
3558;Ромашка, рекламно-производственная компания;Находка;zakaz@ra-romashka.com;(4236) 75-00-33, 8-924-126-25-41;ra-romashka.com;3558
3559;Red Star, рекламно-полиграфическая компания;Ростов-на-Дону;zakaz@reklama-na-donu.ru;(863) 221-05-70, (863) 221-06-70;www.reklama-na-donu.ru;3559
3560;Реклама Сервис, ООО, рекламное агентство полного цикла;Южно-Сахалинск;zakaz@reklama-service.com;(4242) 46-97-33, (4242) 62-26-44;;3560
3561;ТЕС, агентство рекламы и полиграфии;Санкт-Петербург;zakaz@tecspb.ru;(812) 921-28-11;tecspb.ru;3561
3562;Васаби, рекламное агентство;Москва;zakaz@vasaby.ru;(495) 660-36-74 (многоканальный);www.vasaby.ru;3562
3563;Восток-1, рекламное агентство;Уфа;zakaz@vostok-1.ru;(347) 266-49-41, (347) 236-49-41;vostok-1.ru;3563
3564;Арт Заказ, рекламно-производственная компания;Иваново;zakaz-37@inbox.ru;(4932) 26-11-84;zakaz37.ucoz.ru;3564
3565;Чердак, рекламное агентство;Ульяновск;zakazcherdak@yandex.ru;(8422) 76-28-36;zakazcherdak.ru;3565
3566;Zакулисье, мастерская праздников;Кемерово;zakulisie89@mail.ru;8-923-603-34-44;vk.com/club61409088;3566
3567;Z Group, рекламное агентство;Нижний Тагил;zalina_dzhioeva@mail.ru;8-903-080-88-00, 8-912-637-78-01;;3567
3568;Diverse Pro, рекламно-полиграфическая компания;Москва;zapros@diversepro.ru;(499) 713-76-33;diversepro.ru;3568
3569;Msk-expo, рекламное агентство;Москва;zapros@msk-reklama.ru;(495) 221-05-85 (многоканальный), (495) 940-78-35 (многоканальный);www.msk-reklama.ru;3569
3570;Запускай, ООО, рекламное агентство;Екатеринбург;zapusk-media@mail.ru;(343) 200-91-09, 8-900-206-81-68;media-prof.ru;3570
3571;М-Сити, рекламное агентство полного цикла;Красноярск;zayavka@m-city24.ru;(391) 286-67-27 (единая справочная);www.m-city24.ru, vk.com/club56157002;3571
3572;Империя праздника, группа компаний;Нижний Новгород;zebra_event@mail.ru;(831) 415-60-66, (831) 415-44-70, (831) 415-16-33;империя52.рф;3572
3573;Zebra, бюро креативных решений;Пятигорск;zebraevent@yandex.ru;8-909-770-17-70;;3573
3574;Red Cat, рекламное агентство;Златоуст;zenergo@yandex.ru;(3513) 62-01-53, 8-950-733-33-31, 8-919-332-37-73;;3574
3575;Зенит, рекламно-производственная компания;Барнаул;zenit@altay-reklama.ru;(3852) 22-23-23, (3852) 22-24-24;www.altay-reklama.ru;3575
3576;Зеркало-К, рекламное агентство;Краснодар;zerkalo@zerkalo-k.ru;(861) 299-12-13 (единая справочная);www.zerkalo-k.ru, facebook.com/pages/ра-зеркало/147940928593481, twitter.com/@zerkalok;3576
3577;Z & G.Event, компания;Екатеринбург;zg-company@list.ru;(343) 213-33-47, (343) 253-25-91;zg-event.ru;3577
3578;Змей Горыныч, рекламно-производственная компания;Краснодар;zgprint@mail.ru;8-964-907-25-07, 8-903-451-20-44;zgprint.ru;3578
3579;СКАРТ, ООО, рекламное агентство;Ставрополь;zhoglo@skart-sk.ru;(8652) 22-11-62, (8652) 22-11-72;www.skart-sk.ru;3579
3580;Argentum Design, рекламное агентство полного цикла;Москва;zkz@argent.ru;(495) 641-00-84, 8-906-077-04-96;www.argent.ru;3580
3581;Zlatart, рекламное агентство;Златоуст;zlatart@mail.ru;(3513) 65-95-51, 8-919-320-17-88;www.zlatart.com;3581
3582;Альфа, агентство рекламы;Красноярск;zlobin.1980@inbox.ru;(391) 232-50-90;;3582
3583;Радугазнак, производственно-рекламная компания;Москва;znak@radugaznak.ru;(495) 543-61-81;www.radugaznak.ru, twitter.com/@radugaznak;3583
3584;Знаки, рекламное агентство;Пенза;znk@mail.ru;(8412) 34-31-78, (8412) 323-500;www.znkart.ru;3584
3585;IPromo, BTL-агентство;Барнаул;zodiak12345@yandex.ru;8-906-966-63-61;;3585
3586;Золотая полка, мерчендайзинг-агентство;Саратов;zolotaya_polka@mail.ru;(8452) 74-29-21, 8-908-557-11-46, 8-937-969-59-37;;3586
3587;Золотая рыбка, креативное агентство;Тюмень;zolotaya-ribcka@yandex.ru;8-929-265-06-71;www.zolotaya-ribcka.ru, vk.com/zolotayaribcka;3587
3588;Золотое сечение, ООО, центр креативных технологий;Тюмень;zolotoe72@yandex.ru;(3452) 68-40-20, 8-912-927-77-99;www.gold-section.ru, facebook.com/creativegruppa, vk.com/zolotoe72;3588
3589;ЗВЕЗДА, рекламное агентство;Нижний Новгород;zvezda@kis.ru;(831) 278-68-50;ra-zvezda.ru;3589
3590;Звезда, рекламная компания;Комсомольск-на-Амуре;zvezdakoms@rambler.ru;(4217) 33-33-77, (4217) 590-400;;3590
3591;Звездный рай, агентство по организации праздников и промоушн-акций;Ростов-на-Дону;zvezdniyrai@mail.ru;(863) 256-70-90, (863) 256-70-91;www.zvezdniyrai.ru;3591
